tier,avg_delta,description
1,16.825991079895008,Top 10 albums
2,13.547847326829071,Albums 11-20
