test,value
pretrends_avg,-0.372810467391161
pretrends_day0,16.22455522580956
year_perm_p_value,0.001
year_perm_null_mean,1.4484091114653723
