window,local_delta,global_delta,se,t_stat
5,27.660000000000004,16.054208663744436,5.080948055742632,3.1596876188489103
7,22.885714285714283,16.10551799650861,5.081543259422582,3.1694147179883867
10,22.975,16.22455522580956,5.0738425022564595,3.197686017765453
15,22.360000000000003,16.223755824619506,5.047771046575308,3.21404352038245
20,24.0975,16.107241979180493,5.056385841223595,3.185524697870505
30,23.481666666666666,16.432290827135596,4.994979481844844,3.2897614268210167
